Avenacare,avenacare.prod.cloud.tateandlyle.com,
Clariastarch,clariastarch.prod.cloud.tateandlyle.com,
Proatein,proatein.prod.cloud.tateandlyle.com,
Tateandlyleventures,tateandlyleventures.prod.cloud.tateandlyle.com,
Industrialstarches,industrialstarches.prod.cloud.tateandlyle.com,
Purefruit,purefruit.prod.cloud.tateandlyle.com,
 Tate And Lyle Open Innovation,tateandlyleopeninnovation.prod.cloud.tateandlyle.com,
Dolcia Prima,dolciaprima.prod.cloud.tateandlyle.com,
Your Bakery Snack Solutions,yourbakerysnacksolutions.prod.cloud.tateandlyle.com,
Food nutrition knowledge,foodnutritionknowledge.prod.cloud.tateandlyle.com,
Tastevea Sweetener,tastevasweetener.prod.cloud.tateandlyle.com,
Tate And Lyle Procurement,tateandlyleprocurement.prod.cloud.tateandlyle.com,
Your Food Systems,yourfoodsystems.prod.cloud.tateandlyle.com,
Tate And Lyle Fibres,tateandlylefibres.prod.cloud.tateandlyle.com,
Tate and Lyle JP,tateandlylejp.prod.cloud.tateandlyle.com,
Sucralose,sucralose.prod.cloud.tateandlyle.com,
Feed Them Better,feedthembetter.prod.cloud.tateandlyle.com,
Tate And Lyle CN,tateandlylecn.prod.cloud.tateandlyle.com,
Your Drink Solutions,yourdrinksolutions.prod.cloud.tateandlyle.com,